WineID,WineName,Type,Elaborate,Grapes,Harmonize,ABV,Body,Acidity,Code,Country,RegionID,RegionName,WineryID,WineryName,FixedAcidity,VolatileAcidity,CitricAcid,ResidualSugar,Chlorides,FreeSulfurDioxide,TotalSulfurDioxide,Density,pH,Sulphates,Alcohol,Quality
100062,Origem Merlot,Red,Varietal/100%,['Merlot'],"['Beef', 'Lamb', 'Veal', 'Grilled', 'Pizza', 'Pasta']",13.0,Full-bodied,Medium,BR,Brazil,1002,Vale dos Vinhedos,10014,Casa Valduga,8.49,0.15,0.64,1.37,0.07,50.57,53.81,1.0,3.62,0.65,9.3,7
100191,Reserva Chardonnay,White,Varietal/100%,['Chardonnay'],"['Rich Fish', 'Seafood', 'Risotto', 'Poultry', 'Vegetarian']",13.0,Medium-bodied,Medium,BR,Brazil,1001,Serra Gaúcha,10000,Aurora,15.41,1.05,0.08,8.52,0.54,39.06,84.84,0.99,2.9,0.35,11.79,8
101847,Dona Antonia Porto Reserva Tawny,Dessert/Port,Assemblage/Blend,"['Touriga Nacional', 'Touriga Franca', 'Tinta Barroca', 'Tinta Amarela']","['Appetizer', 'Sweet Dessert', 'Blue Cheese']",20.0,Very full-bodied,High,PT,Portugal,1031,Porto,10674,Porto Ferreira,12.78,0.57,0.16,8.66,0.31,22.98,56.09,0.99,3.45,0.61,14.11,9
102055,Fine Ruby Port,Dessert/Port,Assemblage/Blend,"['Tinta Amarela', 'Tinta Barroca', 'Touriga Franca', 'Tinta Roriz', 'Tinto Cão']","['Sweet Dessert', 'Cake', 'Fruit', 'Soft Cheese']",19.5,Very full-bodied,Medium,PT,Portugal,1031,Porto,10703,Sandeman,11.18,0.86,0.9,10.1,0.5,58.78,31.1,0.99,3.49,1.29,13.13,9
102079,Maré Alta,White,Assemblage/Blend,"['Loureiro', 'Alvarinho', 'Arinto']","['Fish', 'Shellfish', 'Vegetarian', 'Appetizer', 'Snack']",10.0,Very light-bodied,High,PT,Portugal,1034,Vinho Verde,11486,Fonte Pequena,5.87,1.46,0.61,11.42,0.2,49.62,40.14,0.99,3.25,1.02,13.65,3
102645,Terras de Felgueiras Espumante de Vinho Verde Seco Branco,Sparkling,Assemblage/Blend,"['Loureiro', 'Arinto', 'Trajadura', 'Azal Branco']","['Appetizer', 'Rich Fish', 'Shellfish', 'Soft Cheese']",11.5,Medium-bodied,Medium,PT,Portugal,1034,Vinho Verde,11521,Cooperativa Agricola de Felgueiras,5.87,0.47,0.01,15.14,0.54,12.55,136.4,1.0,3.66,1.82,12.61,3
102902,Pátria Alentejo Selection Reserva,Red,Assemblage/Blend,"['Alicante Bouschet', 'Aragonez', 'Trincadeira']","['Beef', 'Lamb', 'Veal', 'Game Meat', 'Maturated Cheese']",14.5,Full-bodied,Medium,PT,Portugal,1039,Alentejo,12437,Carmim,4.7,0.72,0.1,8.29,0.24,65.68,64.39,0.99,3.91,1.69,12.85,5
103003,Além do Rio Branco,White,Assemblage/Blend,"['Malvasia', 'Seara Nova', 'Arinto', 'Fernão Pires']","['Pasta', 'Grilled', 'Shellfish', 'Lean Fish']",9.5,Medium-bodied,High,PT,Portugal,1035,Lisboa,11676,Azueira,14.39,1.23,0.66,5.41,0.02,59.4,109.09,1.0,3.9,0.88,13.94,6
103070,Calda Bordaleza Tinto,Red,Assemblage/Bordeaux Red Blend,"['Cabernet Sauvignon', 'Merlot', 'Petit Verdot']","['Beef', 'Lamb', 'Game Meat', 'Poultry']",14.0,Full-bodied,Medium,PT,Portugal,1046,Bairrada,12633,Campolargo,11.21,0.44,0.01,12.45,0.54,68.44,148.47,0.99,3.29,0.74,9.75,4
103433,Regional Tinto,Red,Assemblage/Blend,"['Aragonez', 'Syrah/Shiraz']","['Beef', 'Lamb', 'Game Meat', 'Poultry']",13.0,Full-bodied,Medium,PT,Portugal,1035,Lisboa,11681,Mundus,12.5,0.22,0.16,4.64,0.06,52.53,201.38,1.0,2.85,0.95,11.43,3
103435,Lacrau Colheita Field Blend,Red,Assemblage/Portuguese Red Blend,"['Touriga Franca', 'Touriga Nacional', 'Tinta Roriz', 'Tinta Barroca']","['Beef', 'Pasta', 'Lamb', 'Game Meat']",13.5,Full-bodied,Medium,PT,Portugal,1032,Douro,11004,Secret Spot Wines,4.25,0.53,0.55,7.14,0.2,44.55,17.13,1.0,3.98,1.3,9.55,7
103667,Maria Izabel Rosé,Rosé,Assemblage/Blend,"['Tinta Roriz', 'Tinta Francisca', 'Touriga Nacional']","['Beef', 'Tomato Dishes', 'Maturated Cheese', 'Hard Cheese']",13.0,Medium-bodied,High,PT,Portugal,1032,Douro,10983,Quinta Maria Izabel,15.64,0.34,0.69,1.77,0.57,30.7,232.23,1.0,3.79,0.76,14.91,5
105585,Terras de Basto Tinto,Red,Assemblage/Blend,"['Azal Tinto', 'Vinhão', 'Padeiro']","['Beef', 'Lamb', 'Game Meat', 'Poultry']",10.5,Full-bodied,Medium,PT,Portugal,1034,Vinho Verde,11590,Quinta de Soutelos,13.99,1.49,0.65,0.98,0.57,67.22,183.7,1.0,2.86,1.36,14.61,4
105599,Primata Touriga Nacional,Red,Assemblage/Portuguese Red Blend,"['Tinta Amarela', 'Touriga Franca', 'Tinta Roriz', 'Tinto Cão', 'Touriga Nacional']","['Poultry', 'Light Stews', 'Salad', 'Snack']",11.2,Full-bodied,Medium,PT,Portugal,1032,Douro,10901,Niepoort,6.55,1.31,0.22,14.94,0.35,62.49,29.14,1.0,3.9,1.0,8.28,5
105748,Porto Colheita,Dessert/Port,Assemblage/Port Blend,"['Touriga Nacional', 'Touriga Franca', 'Tinta Roriz']","['Sweet Dessert', 'Cake', 'Fruit', 'Soft Cheese']",20.0,Very full-bodied,Medium,PT,Portugal,1031,Porto,11424,Quinta do Portal,6.18,1.05,0.71,13.06,0.38,4.21,253.22,0.99,3.83,1.24,12.94,4
105911,White Reserve Porto,Dessert/Port,Assemblage/Blend,"['Rabigato', 'Viosinho', 'Malvasia Fina', 'Côdega de Larinho']","['Aperitif', 'Sweet Dessert', 'Blue Cheese']",19.5,Very full-bodied,Medium,PT,Portugal,1032,Douro,10813,Bulas,6.2,1.41,0.24,10.97,0.27,2.87,266.61,1.0,3.37,1.04,14.48,4
107214,Black Label Nik Weis Saar Riesling,White,Varietal/100%,['Riesling'],"['Pork', 'Shellfish', 'Spicy Food', 'Poultry', 'Cured Meat']",11.5,Medium-bodied,High,DE,Germany,1081,Mosel,14311,Weingut Nik Weis-St. Urbans-Hof,7.65,1.31,0.33,6.69,0.18,27.73,23.29,1.0,3.47,0.8,9.26,8
108974,Felix Lemberger Trocken,Red,Varietal/100%,['Lemberger'],"['Beef', 'Veal', 'Lamb', 'Barbecue']",13.0,Medium-bodied,High,DE,Germany,1111,Württemberg,15742,Wachtstetter,10.3,0.38,0.75,3.18,0.2,58.55,84.36,1.0,3.22,1.91,11.98,3
109954,Merlot Reserve Trocken,Red,Varietal/100%,['Merlot'],"['Pork', 'Beef', 'Game Meat', 'Maturated Cheese']",13.5,Medium-bodied,Medium,DE,Germany,1111,Württemberg,15727,Aldinger,9.18,1.44,0.65,2.93,0.41,71.1,234.15,0.99,2.77,1.6,14.41,5
111478,Sauternes (Premier Grand Cru Classé),Dessert,Assemblage/Blend,"['Sémillon', 'Sauvignon Blanc']","['Fruit Dessert', 'Blue Cheese']",13.5,Full-bodied,High,FR,France,1455,Sauternes,32311,Château Suduiraut,7.49,0.91,0.85,4.33,0.45,11.68,217.76,1.0,3.14,0.54,8.24,5
112875,Vieille Vigne Gevrey-Chambertin,Red,Varietal/100%,['Pinot Noir'],"['Beef', 'Veal', 'Game Meat', 'Poultry']",13.0,Medium-bodied,Medium,FR,France,1298,Gevrey-Chambertin,24980,Domaine Fourrier,11.34,1.31,0.66,8.78,0.48,43.18,58.22,1.0,3.74,1.78,12.88,8
113730,Pommard Premier Cru 'Grand Clos des Épenots',Red,Varietal/100%,['Pinot Noir'],"['Beef', 'Veal', 'Game Meat', 'Poultry']",13.0,Medium-bodied,Medium,FR,France,1405,Pommard,23305,Domaine de Courcel,5.67,1.44,0.57,11.25,0.48,28.04,65.25,0.99,2.71,1.13,10.08,7
114717,Coteaux d'Aix-en-Provence Rosé,Rosé,Assemblage/Provence Rosé Blend,"['Syrah/Shiraz', 'Cinsault', 'Grenache']","['Seafood', 'Shellfish', 'Vegetarian', 'Poultry', 'Tomato Dishes']",13.0,Light-bodied,Medium,FR,France,1411,Provence,30338,Moonlight & Roses,7.51,0.58,0.09,10.44,0.06,69.86,110.84,0.99,3.13,1.82,14.47,7
114973,Sancerre Les Baronnes Rosé,Rosé,Varietal/100%,['Pinot Noir'],"['Aperitif', 'Snack', 'Salad', 'Vegetarian']",13.5,Medium-bodied,Medium,FR,France,1448,Sancerre,31938,Henri Bourgeois,8.4,0.27,0.37,4.77,0.3,60.79,143.12,1.0,3.22,1.66,14.8,9
115171,Pessac-Léognan,Red,Assemblage/Bordeaux Red Blend,"['Merlot', 'Cabernet Sauvignon', 'Petit Verdot']","['Beef', 'Veal', 'Lamb', 'Game Meat', 'Poultry']",13.0,Full-bodied,High,FR,France,1400,Pessac-Léognan,29759,Château Pontet-Caillou,9.47,0.44,0.27,14.83,0.04,60.52,180.97,1.0,3.4,1.02,14.61,3
116418,Château Chemin Royal Moulis-en-Médoc,Red,Assemblage/Bordeaux Red Blend,"['Merlot', 'Cabernet Sauvignon']","['Beef', 'Lamb', 'Game Meat', 'Poultry']",13.8,Full-bodied,High,FR,France,1368,Moulis-en-Médoc,27242,Château Fonréaud,13.42,0.74,0.24,11.59,0.33,34.28,110.4,1.0,3.9,0.34,11.32,3
117009,Santenay Rouge,Red,Varietal/100%,['Pinot Noir'],"['Beef', 'Veal', 'Game Meat', 'Poultry']",13.0,Light-bodied,High,FR,France,1449,Santenay,22801,Louis Latour,6.4,1.33,0.97,8.86,0.27,30.45,136.9,0.99,3.15,0.76,14.03,6
118457,Fleurie La Madone,Red,Varietal/100%,['Gamay Noir'],"['Pasta', 'Beef', 'Veal', 'Lamb', 'Maturated Cheese']",13.0,Light-bodied,High,FR,France,1289,Fleurie,18588,Albert Bichot,10.17,1.39,0.39,9.71,0.53,20.41,217.53,1.0,3.15,1.22,13.91,8
118927,Nuits-St-Georges Les Plateaux,Red,Varietal/100%,['Pinot Noir'],"['Beef', 'Veal', 'Game Meat', 'Poultry']",13.0,Medium-bodied,High,FR,France,1392,Nuits-Saint-Georges,25086,Mongeard-Mugneret,11.11,0.11,0.89,6.85,0.22,5.0,16.38,0.99,3.66,1.38,10.23,7
119803,Cinsault-Grenache Rosé,Rosé,Assemblage/Blend,"['Grenache', 'Cinsault']","['Appetizer', 'Snack', 'Pasta', 'Vegetarian', 'Chicken']",12.0,Medium-bodied,High,FR,France,1474,Vin de France,33734,La Francette,4.56,0.87,0.63,4.29,0.08,62.4,77.44,0.99,3.29,0.74,13.8,4
120737,Les Dessous des Dentelles,Red,Assemblage/Rhône Red Blend,"['Grenache', 'Mourvedre', 'Syrah/Shiraz']","['Beef', 'Lamb', 'Game Meat']",14.3,Full-bodied,Medium,FR,France,1302,Gigondas,32987,Château La Croix des Pins,11.29,0.73,0.79,5.9,0.09,58.72,207.88,0.99,2.99,0.54,8.26,5
125678,Les Fuées Chambolle-Musigny 1er Cru,Red,Varietal/100%,['Pinot Noir'],"['Beef', 'Veal', 'Game Meat', 'Poultry']",13.0,Full-bodied,High,FR,France,1184,Chambolle-Musigny,19028,Domaine Faiveley,6.05,0.43,0.5,11.89,0.46,71.98,259.34,1.0,3.29,1.72,12.17,3
126285,Lou Mansengou,Dessert,Varietal/100%,['Petit Manseng'],"['Rich Fish', 'Fruit Dessert', 'Vegetarian', 'Poultry', 'Soft Cheese']",12.0,Medium-bodied,High,FR,France,1322,Jurançon,32413,Domaine Larroudé,4.78,0.28,0.58,0.81,0.37,71.76,150.8,1.0,2.88,1.97,9.61,5
126510,Cabardès Rosé,Rosé,Assemblage/Provence Rosé Blend,"['Cabernet Franc', 'Grenache', 'Cinsault', 'Syrah/Shiraz']","['Appetizer', 'Snack', 'Pasta', 'Chicken', 'Vegetarian']",13.0,Medium-bodied,High,FR,France,1165,Cabardès,19874,Château Jouclary,15.39,0.61,0.49,2.33,0.07,40.44,156.59,1.0,2.93,1.19,8.84,5
127658,Marc d'Alsace Riesling,Dessert,Varietal/100%,['Riesling'],"['Pork', 'Rich Fish', 'Spicy Food', 'Vegetarian', 'Cured Meat']",48.0,Medium-bodied,Medium,FR,France,1125,Alsace,15877,Gerard Schueller,15.59,1.51,0.2,1.29,0.06,55.6,36.33,1.0,3.35,0.59,8.54,6
128544,Chablis 1er Cru 'Montmains',White,Varietal/100%,['Chardonnay'],"['Pork', 'Rich Fish', 'Shellfish', 'Soft Cheese']",12.5,Medium-bodied,High,FR,France,1178,Chablis 1er Cru 'Montmains',20243,J. Moreau & Fils,13.7,0.58,0.72,1.21,0.42,68.08,132.62,1.0,3.24,0.76,12.87,7
132977,Bandol Cuvée Spéciale La Louffe,Red,Assemblage/Blend,"['Mourvedre', 'Grenache', 'Cinsault']","['Beef', 'Veal', 'Lamb', 'Maturated Cheese', 'Hard Cheese']",14.0,Full-bodied,Medium,FR,France,1133,Bandol,16512,Domaine Tempier,7.66,0.88,0.28,13.35,0.05,61.32,156.73,1.0,3.89,0.33,10.38,3
133447,Meursault 1er Cru 'La Pièce Sous Le Bois',White,Varietal/100%,['Chardonnay'],"['Pasta', 'Chicken', 'Rich Fish', 'Shellfish', 'Soft Cheese']",13.5,Full-bodied,Medium,FR,France,1351,Meursault 1er Cru 'La pièce sous le Bois',23149,Demessey,5.17,1.15,0.02,11.08,0.49,18.56,74.62,1.0,3.17,1.85,13.07,5
138299,Rosato,Rosé,Assemblage/Blend,"['Barbera', 'Dolcetto']","['Fish', 'Tomato Dishes', 'Poultry', 'Mushrooms', 'Blue Cheese']",12.0,Light-bodied,Medium,IT,Italy,1655,Piemonte,46088,Enzo Bartoli,12.21,0.65,0.65,7.67,0.43,32.99,82.2,1.0,3.45,0.5,8.46,3
138622,Ricarico Prestige Cuvée,Red,Assemblage/Blend,"['Primitivo', 'Negroamaro']","['Beef', 'Pasta', 'Lamb', 'Game Meat', 'Grilled', 'Maturated Cheese']",14.5,Full-bodied,Medium,IT,Italy,1662,Puglia,45429,Giordano,9.28,1.56,0.18,2.06,0.06,10.17,112.77,1.0,3.52,1.28,10.21,4
138625,Nicolon Barbera d'Alba,Red,Varietal/100%,['Barbera'],"['Pasta', 'Veal', 'Pork', 'Game Meat', 'Poultry']",14.5,Medium-bodied,High,IT,Italy,1511,Barbera d'Alba,45316,Angelo Negro,5.46,1.54,0.94,7.93,0.06,68.74,11.68,1.0,2.72,0.77,11.78,6
138765,Langhe Nebbiolo,Red,Varietal/100%,['Nebbiolo'],"['Beef', 'Lamb', 'Game Meat', 'Poultry']",14.0,Full-bodied,High,IT,Italy,1618,Langhe,45965,Cascina Ballarin,9.94,0.48,0.95,7.65,0.59,44.04,97.15,0.99,3.56,1.24,13.54,4
139210,Al Poggio Chardonnay di Toscana,White,Varietal/100%,['Chardonnay'],"['Pasta', 'Vegetarian', 'Appetizer', 'Snack', 'Lean Fish', 'Cured Meat']",13.0,Medium-bodied,High,IT,Italy,1699,Toscana,42434,Castello di Ama,4.41,0.85,0.91,3.18,0.23,17.23,65.84,1.0,2.93,1.41,10.23,3
139388,Gabbiano Pinot Grigio,White,Varietal/>75%,"['Pinot Grigio', 'Chardonnay']","['Appetizer', 'Shellfish', 'Pasta', 'Vegetarian', 'Mushrooms']",12.0,Medium-bodied,Medium,IT,Italy,1736,Delle Venezie,51161,Cavaliere d'Oro,14.91,0.55,0.37,7.06,0.23,48.69,98.68,1.0,3.95,1.71,12.38,9
139693,Zinfandel,Red,Varietal/100%,['Zinfandel'],"['Beef', 'Veal', 'Lamb', 'Pasta']",14.0,Full-bodied,Medium,IT,Italy,1662,Puglia,46686,Masseria Trajone,7.11,0.53,0.02,6.54,0.49,44.89,39.89,0.99,2.89,0.65,14.2,3
140114,La Primavera in Rosa Rosé Italia,Rosé,Assemblage/Blend,"['Negroamaro', 'Merlot', 'Refosco']","['Aperitif', 'Beef', 'Pasta', 'Seafood', 'Shellfish', 'Salad']",13.0,Medium-bodied,Medium,IT,Italy,1734,Vino d'Italia,46629,Grande Alberone,11.95,0.16,0.93,9.78,0.57,26.43,258.02,1.0,3.24,0.32,12.31,7
140262,Müller Thurgau Alto Adige,White,Varietal/100%,['Müller-Thurgau'],"['Appetizer', 'Snack', 'Risotto', 'Seafood', 'Vegetarian']",13.0,Medium-bodied,Medium,IT,Italy,1690,Südtirol-Alto Adige,47681,Kettmeir,7.74,1.01,0.43,10.06,0.59,9.06,173.99,1.0,2.81,0.53,9.63,5
140962,Riserva Prêt-A-Porter,Red,Assemblage/Valpolicella Red Blend,"['Corvina', 'Corvinone', 'Rondinella', 'Molinara']","['Beef', 'Lamb', 'Game Meat', 'Blue Cheese']",15.5,Very full-bodied,Medium,IT,Italy,1505,Amarone della Valpolicella,40883,Bottega,10.24,0.85,0.97,1.28,0.45,48.68,198.19,1.0,4.0,1.83,8.17,5
141193,Brachetto d'Acqui,Sparkling,Varietal/100%,['Brachetto'],"['Appetizer', 'Snack', 'Fruit', 'Cake', 'Cream']",6.0,Medium-bodied,High,IT,Italy,1528,Brachetto d'Acqui,40964,Il Falchetto,10.56,0.18,0.96,6.18,0.23,37.94,229.34,1.0,3.35,1.79,14.09,4
142170,Torgaio Toscana,Red,Assemblage/Blend,"['Sangiovese', 'Merlot', 'Alicante Bouschet', 'Petit Verdot']","['Beef', 'Lamb', 'Veal', 'Poultry', 'Cured Meat']",13.0,Medium-bodied,Medium,IT,Italy,1699,Toscana,41958,Ruffino,6.22,0.52,0.85,9.93,0.06,55.83,147.06,1.0,3.47,1.32,8.15,6
143222,Dulcis Moscato d'Asti,Dessert,Varietal/100%,['Muscat/Moscato'],"['Fruit Dessert', 'Appetizer', 'Cake']",5.5,Light-bodied,Medium,IT,Italy,1641,Moscato d'Asti,45249,San Silvestro,15.64,1.46,0.29,8.1,0.47,37.93,30.6,0.99,2.79,1.32,14.12,9
143800,Narin Barbaresco,Red,Varietal/100%,['Nebbiolo'],"['Beef', 'Pasta', 'Lamb', 'Game Meat']",14.5,Full-bodied,High,IT,Italy,1510,Barbaresco,45329,Carlo Giacosa,13.3,0.46,0.39,13.36,0.34,61.5,158.0,1.0,3.67,1.43,11.7,8
143806,Solatio Moscato d'Asti,White,Varietal/100%,['Muscat/Moscato'],"['Appetizer', 'Fruit Dessert', 'Soft Cheese']",5.0,Light-bodied,Medium,IT,Italy,1508,Asti,41092,Roberto Sarotto,15.27,0.32,0.85,10.41,0.26,40.19,172.08,1.0,2.97,0.6,14.57,5
144081,Barbera d'Alba,Red,Varietal/100%,['Barbera'],"['Pasta', 'Veal', 'Pork', 'Game Meat', 'Poultry']",15.0,Medium-bodied,Medium,IT,Italy,1511,Barbera d'Alba,45828,Filippo Gallino,14.74,0.83,0.32,3.03,0.54,40.83,216.96,0.99,3.87,1.85,13.59,7
147123,Belcaro Vin Santo del Chianti Classico,Dessert,Assemblage/Blend,"['Trebbiano', 'Malvasia']","['Beef', 'Lamb', 'Pork', 'Spicy Food']",15.5,Medium-bodied,High,IT,Italy,3005,Vin Santo del Chianti Classico,42419,San Felice,11.17,1.58,0.17,1.65,0.08,63.24,128.16,0.99,2.97,1.01,14.99,4
147453,Bardolino Classico,Red,Assemblage/Valpolicella Red Blend,"['Corvina', 'Rondinella', 'Molinara']","['Pasta', 'Poultry', 'Soft Cheese']",12.5,Full-bodied,Medium,IT,Italy,1518,Bardolino Classico,51195,Carlo Zenegaglia,15.06,0.46,0.56,10.17,0.3,29.65,42.11,1.0,2.95,0.95,10.45,4
149407,Langhe Chardonnay,White,Varietal/100%,['Chardonnay'],"['Appetizer', 'Pizza', 'Lean Fish', 'Maturated Cheese', 'Cured Meat']",13.0,Medium-bodied,Medium,IT,Italy,1618,Langhe,44116,Mustela,5.06,1.11,0.94,1.0,0.02,10.52,86.31,1.0,2.75,1.18,13.37,8
149550,Barolo Riserva,Red,Varietal/100%,['Nebbiolo'],"['Beef', 'Pasta', 'Lamb', 'Game Meat', 'Hard Cheese']",14.5,Full-bodied,High,IT,Italy,1519,Barolo,44266,Cascina Ghercina,6.35,1.24,0.7,9.33,0.29,3.04,108.75,1.0,3.31,0.38,10.81,7
149765,Barolo,Red,Varietal/100%,['Nebbiolo'],"['Beef', 'Pasta', 'Lamb', 'Game Meat']",14.0,Full-bodied,High,IT,Italy,1519,Barolo,45715,Francesco Scanavino,4.54,0.46,0.57,14.61,0.04,54.61,188.79,1.0,3.43,0.58,11.36,6
150384,Cerequio Barolo,Red,Varietal/100%,['Nebbiolo'],"['Beef', 'Pasta', 'Lamb', 'Game Meat']",14.0,Full-bodied,High,IT,Italy,1519,Barolo,45273,Saglietti Flavio,7.9,1.19,0.1,9.17,0.08,45.04,167.53,1.0,2.79,1.55,12.39,7
150820,Fiano del Salento,White,Varietal/100%,['Fiano'],"['Seafood', 'Vegetarian', 'Appetizer', 'Snack']",12.5,Medium-bodied,High,IT,Italy,1678,Salento,47347,Mottura,8.66,0.65,0.62,6.38,0.08,50.99,106.78,0.99,3.71,0.44,14.12,6
153611,Manzoni Moscato Spumante,Sparkling,Assemblage/Blend,"['Raboso Piave', 'Muscat of Hamburg']","['Appetizer', 'Snack', 'Lean Fish', 'Fruit']",11.5,Light-bodied,High,IT,Italy,1721,Veneto,51547,Bonotto delle Tezze,7.26,1.05,0.99,10.18,0.39,16.12,285.18,0.99,3.29,1.33,14.89,7
154979,Fior di Vigna Dolce Rosso,Dessert,Varietal/100%,['Brachetto'],"['Chocolate', 'Sweet Dessert', 'Fruit']",4.0,Full-bodied,Low,IT,Italy,1618,Langhe,44162,Vallebelbo,13.94,1.05,0.14,7.43,0.45,10.68,177.43,0.99,3.38,0.72,13.38,7
160271,Rare Cream Sherry Superior (Solera Reserva),Dessert/Port,Varietal/>75%,"['Palomino', 'Pedro Ximenez']","['Appetizer', 'Snack', 'Fruit Dessert', 'Maturated Cheese', 'Hard Cheese']",20.0,Full-bodied,High,ES,Spain,3707,Cream Sherry,36069,Lustau,8.28,0.9,0.52,8.73,0.35,2.03,73.14,1.0,3.27,0.96,10.92,3
160277,Fino Eléctrico 3 Fases,Dessert,Varietal/100%,['Pedro Ximenez'],"['Sweet Dessert', 'Lean Fish', 'Cold Cuts', 'Blue Cheese']",15.0,Full-bodied,Medium,ES,Spain,1994,Montilla-Moriles,36405,Toro Albalá,7.37,0.24,0.88,14.63,0.58,25.89,34.8,0.99,3.22,0.79,10.95,4
162391,La Tinaja de Aranzazu,White,Varietal/100%,['Albariño'],"['Appetizer', 'Snack', 'Vegetarian', 'Pasta', 'Shellfish', 'Lean Fish']",13.0,Medium-bodied,Medium,ES,Spain,2018,Rías Baixas,35956,Nanclares y Prieto,10.51,1.35,0.74,6.35,0.23,42.88,49.26,1.0,3.43,0.9,13.16,7
162507,Coyam,Red,Assemblage/Blend,"['Syrah/Shiraz', 'Petit Verdot', 'Carmenère', 'Garnacha', 'Cabernet Sauvignon', 'Carignan/Cariñena', 'Malbec', 'Tempranillo', 'Mourvedre']","['Beef', 'Lamb', 'Pork', 'Game Meat', 'Maturated Cheese', 'Hard Cheese']",14.0,Full-bodied,High,CL,Chile,2268,Colchagua Valley,40381,Emiliana,5.69,0.58,0.7,14.92,0.18,28.85,75.61,1.0,2.9,1.52,9.67,8
163101,Las Mulas Reserva Sauvignon Blanc,White,Varietal/100%,['Sauvignon Blanc'],"['Shellfish', 'Vegetarian', 'Goat Cheese']",13.0,Medium-bodied,High,CL,Chile,2267,Central Valley (CL),39549,Miguel Torres Chile,13.63,0.38,0.7,14.09,0.52,32.06,51.47,1.0,2.94,0.81,8.77,7
163876,El Espiritu de Cachapoal Brut,Sparkling,Varietal/100%,['Chardonnay'],"['Grilled', 'Salad', 'Chicken', 'Seafood', 'Shellfish']",13.0,Light-bodied,High,CL,Chile,2265,Cachapoal Valley,39008,Château Los Boldos,4.89,0.16,0.36,3.52,0.14,65.2,58.8,0.99,3.82,1.26,10.48,5
165143,Cabernet Franc,Red,Varietal/100%,['Cabernet Franc'],"['Beef', 'Pork', 'Game Meat', 'Spicy Food', 'Maturated Cheese']",14.3,Medium-bodied,Medium,CL,Chile,2278,Maule Valley,40284,Erasmo,15.84,0.99,0.29,1.63,0.58,25.73,86.68,1.0,3.93,1.11,10.01,4
167079,Reserva Cabernet Franc,Red,Varietal/100%,['Cabernet Franc'],"['Beef', 'Pork', 'Game Meat', 'Poultry', 'Soft Cheese']",14.0,Medium-bodied,Medium,UY,Uruguay,2576,Maldonado,70347,Bodega Garzón,13.27,1.12,0.81,2.1,0.02,37.49,55.06,0.99,3.19,1.43,10.07,5
167464,Los Cardos Malbec,Red,Varietal/100%,['Malbec'],"['Beef', 'Lamb', 'Poultry', 'French Fries']",14.5,Full-bodied,High,AR,Argentina,2058,Mendoza,60992,Doña Paula,6.38,0.12,0.81,0.87,0.58,56.64,259.78,1.0,3.05,1.89,9.64,4
168182,Gran Malbec,Red,Varietal/100%,['Malbec'],"['Beef', 'Lamb', 'Poultry']",15.0,Very full-bodied,Medium,AR,Argentina,2056,Lujan de Cuyo,61449,De Angeles Viña 1924,4.07,0.87,0.87,2.01,0.04,29.15,28.71,0.99,3.54,1.55,8.29,5
168457,Extra Brut Cuvée Spéciale Baron B,Sparkling,Assemblage/Blend,"['Chardonnay', 'Pinot Noir']","['Pork', 'Fish', 'Poultry', 'Vegetarian']",12.5,Medium-bodied,Medium,AR,Argentina,2058,Mendoza,61293,CHANDON Argentina,13.79,0.44,0.91,10.78,0.54,45.17,154.44,1.0,3.23,0.67,8.13,7
173331,Unwooded Chardonnay,White,Varietal/100%,['Chardonnay'],"['Pork', 'Poultry', 'Vegetarian', 'Soft Cheese']",13.3,Medium-bodied,Medium,ZA,South Africa,2627,Western Cape,70437,Boplaas,12.48,1.07,0.51,1.66,0.32,62.23,122.14,1.0,2.73,0.35,14.91,7
174274,Cabernet Sauvignon-Shiraz,Red,Assemblage/Blend,"['Cabernet Sauvignon', 'Syrah/Shiraz']","['Beef', 'Lamb', 'Poultry']",13.5,Very full-bodied,Medium,AU,Australia,2156,South Australia,64418,Oxford Landing,12.75,0.36,0.5,5.35,0.6,68.42,284.01,0.99,2.9,0.75,10.99,3
175454,The Visionary Cabernet Sauvignon,Red,Varietal/100%,['Cabernet Sauvignon'],"['Beef', 'Veal', 'Lamb', 'Poultry']",14.5,Full-bodied,Medium,AU,Australia,2105,Clare Valley,63253,Taylors/Wakefield,13.26,1.14,0.8,13.19,0.05,11.44,37.71,0.99,3.63,1.31,10.69,8
175754,Rocky Gully Cabernets,Red,Assemblage/Bordeaux Red Blend,"['Cabernet Sauvignon', 'Cabernet Franc', 'Merlot']","['Beef', 'Pasta', 'Lamb', 'Game Meat']",14.5,Full-bodied,High,AU,Australia,2112,Frankland River,63429,Frankland Estate,4.89,0.68,0.65,0.95,0.34,66.79,118.59,1.0,3.56,0.39,12.76,5
175908,Haven Pinot Noir,Red,Varietal/100%,['Pinot Noir'],"['Beef', 'Veal', 'Game Meat', 'Poultry']",13.5,Medium-bodied,Medium,AU,Australia,2134,Mornington Peninsula,64038,Kooyong,8.3,1.51,0.7,12.74,0.58,35.94,280.36,1.0,2.74,1.14,9.53,6
179386,Pinot Noir,Red,Varietal/100%,['Pinot Noir'],"['Beef', 'Veal', 'Game Meat', 'Chicken']",13.5,Medium-bodied,High,US,United States,1925,Willamette Valley,60094,King Estate,5.39,0.31,0.8,4.8,0.32,19.34,250.94,1.0,2.99,1.31,14.65,3
179958,Estate Pinot Noir,Red,Varietal/100%,['Pinot Noir'],"['Beef', 'Veal', 'Game Meat', 'Poultry']",13.5,Medium-bodied,Medium,US,United States,1925,Willamette Valley,57871,Illahe,14.36,0.61,0.89,2.36,0.38,33.6,237.23,1.0,3.0,0.87,13.5,5
180268,Old Vine Zinfandel,Red,Varietal/100%,['Zinfandel'],"['Beef', 'Veal', 'Lamb', 'Poultry']",13.6,Very full-bodied,Medium,US,United States,1823,Lodi,55730,Maggio Family Vineyards,11.48,0.27,0.34,10.98,0.42,70.58,78.99,1.0,3.57,1.61,8.63,5
180300,Old Vine Zinfandel,Red,Varietal/>75%,"['Zinfandel', 'Petite Sirah', 'Mourvedre', 'Merlot']","['Beef', 'Lamb', 'Game Meat', 'Maturated Cheese']",15.5,Very full-bodied,Medium,US,United States,1848,Napa Valley,56878,Big Smooth,7.97,1.49,0.38,9.97,0.28,35.98,54.36,0.99,2.73,0.48,10.92,3
180712,Dry Creek Valley Zinfandel,Dessert,Varietal/100%,['Zinfandel'],"['Beef', 'Lamb', 'Poultry']",14.2,Very full-bodied,Medium,US,United States,1787,Dry Creek Valley,55314,Dashe,4.76,1.42,0.09,13.67,0.38,24.34,195.23,0.99,2.84,0.43,14.15,7
181199,Lauréne Pinot Noir,Red,Varietal/100%,['Pinot Noir'],"['Beef', 'Veal', 'Game Meat', 'Poultry']",14.0,Medium-bodied,High,US,United States,1788,Dundee Hills,55339,Domaine Drouhin,7.73,0.49,0.58,11.55,0.35,45.97,269.01,0.99,3.74,1.54,14.61,5
185481,Coyote Canyon Reserve Syrah,Red,Varietal/100%,['Syrah/Shiraz'],"['Beef', 'Lamb', 'Game Meat', 'Poultry']",15.5,Full-bodied,Medium,US,United States,1805,Horse Heaven Hills,55009,Columbia Crest,7.9,1.09,0.04,12.57,0.54,18.05,163.56,1.0,2.93,1.14,11.27,7
185866,Rosé of Pinot Noir,Rosé,Varietal/100%,['Pinot Noir'],"['Salad', 'Rich Fish', 'Shellfish', 'Poultry', 'Goat Cheese']",13.4,Medium-bodied,High,US,United States,1925,Willamette Valley,60098,Anne Amie Vineyards,12.76,1.33,0.47,4.8,0.04,6.39,167.77,1.0,3.55,1.47,12.29,3
186843,Pinot Noir,Red,Varietal/100%,['Pinot Noir'],"['Beef', 'Veal', 'Game Meat', 'Chicken']",14.1,Medium-bodied,Medium,US,United States,1823,Lodi,53785,Van Ruiten,11.65,0.93,0.54,3.24,0.18,10.15,85.23,1.0,3.01,1.04,9.17,7
187359,Cabernet Sauvignon,Red,Varietal/100%,['Cabernet Sauvignon'],"['Beef', 'Lamb', 'Game Meat', 'Maturated Cheese', 'Hard Cheese']",14.7,Very full-bodied,Medium,US,United States,1846,Mount Veeder,56298,Yates Family Vineyard,14.65,0.89,0.29,11.78,0.57,10.09,223.77,1.0,2.83,0.72,14.94,4
187681,Barrel Select Fumé Blanc,White,Varietal/100%,['Sauvignon Blanc'],"['Shellfish', 'Vegetarian', 'Goat Cheese']",12.0,Medium-bodied,High,US,United States,1852,New Mexico,52807,Aridus,9.67,0.46,0.59,12.62,0.54,11.79,58.93,1.0,3.02,1.69,9.62,6
188472,Pedroni Vineyard Cabernet Franc,Red,Varietal/100%,['Cabernet Franc'],"['Beef', 'Veal', 'Game Meat', 'Chicken', 'Maturated Cheese']",14.6,Medium-bodied,Medium,US,United States,1899,Sonoma County,58826,Amphora,5.44,0.24,0.03,15.36,0.28,10.86,97.6,0.99,3.64,1.66,14.6,9
190621,Premiere Napa Valley Cabernet Sauvignon,Red,Varietal/>75%,"['Cabernet Sauvignon', 'Malbec', 'Petit Verdot']","['Beef', 'Veal', 'Lamb', 'Game Meat', 'Maturated Cheese', 'Hard Cheese']",14.8,Very full-bodied,High,US,United States,1846,Mount Veeder,56229,The Hess Collection,12.56,1.45,0.04,6.75,0.38,46.5,126.4,1.0,3.81,1.48,12.55,5
192515,Private Reserve Riesling,White,Varietal/100%,['Riesling'],"['Cold Cuts', 'Veal', 'Goat Cheese']",11.0,Light-bodied,High,CA,Canada,2204,Niagara Peninsula,65795,Peller Estates,13.13,1.45,0.82,6.14,0.17,13.91,149.65,1.0,3.78,0.76,12.25,8
193488,Pinot Noir,Red,Varietal/100%,['Pinot Noir'],"['Beef', 'Veal', 'Game Meat', 'Poultry']",12.5,Medium-bodied,Medium,NZ,New Zealand,2485,Marlborough,68922,Matua,10.74,1.05,0.36,12.17,0.12,25.54,74.6,1.0,3.22,1.3,11.59,6
195300,Zweigelt,Red,Varietal/100%,['Zweigelt'],"['Beef', 'Lamb', 'Game Meat', 'Pork']",12.5,Medium-bodied,High,AT,Austria,2082,Niederösterreich,62086,Schloss Gobelsburg,13.25,0.61,0.13,5.68,0.28,64.67,38.5,0.99,3.57,0.91,9.61,9
195476,Cuvée Alexander Rose de Pinot Extra Brut,Sparkling,Varietal/>75%,"['Pinot Noir', 'Cabernet Sauvignon']","['Appetizer', 'Snack', 'Shellfish', 'Rich Fish']",12.5,Medium-bodied,High,RU,Russia,2536,Taman Peninsula (Таманский полуостров),60337,Aristov,9.93,0.62,0.52,14.47,0.22,34.65,178.81,1.0,2.97,0.46,9.24,7
195831,Kormilitsa Red,Red,Assemblage/Blend,"['Cabernet Sauvignon', 'Limnio']","['Beef', 'Lamb', 'Spicy Food', 'Poultry']",14.1,Full-bodied,Medium,GR,Greece,2328,Chalkidiki,67523,Tsantali,10.27,1.19,0.77,13.39,0.35,48.4,87.68,1.0,3.08,1.86,9.54,5
196718,Select Rosé Brut,Sparkling,Assemblage/Blend,"['Pinot Blanc', 'Bianca', 'Muscat/Moscato', 'Saperavi', 'Müller-Thurgau']","['Shellfish', 'Appetizer', 'Snack', 'Lean Fish']",12.5,Medium-bodied,High,RU,Russia,2536,Taman Peninsula (Таманский полуостров),60334,Château Tamagne,9.13,1.45,0.22,6.99,0.06,13.23,170.49,1.0,3.87,0.53,9.31,7
196838,Kallisto,White,Assemblage/Blend,"['Assyrtiko', 'Robola']","['Shellfish', 'Lean Fish', 'Poultry', 'Blue Cheese']",13.0,Full-bodied,High,GR,Greece,2344,Ilia,67626,Mercouri Estate,4.31,1.43,0.62,11.79,0.58,14.65,49.68,1.0,2.72,1.92,13.46,4
198580,The Falcon Pinot Gris,White,Varietal/100%,['Pinot Gris'],"['Pork', 'Spicy Food', 'Mushrooms', 'Vegetarian']",13.0,Medium-bodied,High,NZ,New Zealand,2485,Marlborough,69205,Lake Chalice,5.29,1.27,0.09,11.84,0.59,3.9,142.16,1.0,2.81,1.06,10.45,3
198581,Chateau Margaux 2022,Sparkling,Varietal/100%,['Chardonnay'],"['Beef', 'Poultry', 'Cheese']",9.0,Medium-bodied,High,NA,New Zealand,2396,Generic Region,18322,Generic Winery,4.25,1.55,0.83,3.76,0.12,14.02,92.1,1.0,3.26,0.8,12.28,4
198582,Opus One 2017,Sparkling,Assemblage/Blend,['Pinot Meunier'],"['Beef', 'Poultry', 'Cheese']",19.8,Very light-bodied,High,NA,Australia,2842,Generic Region,18838,Generic Winery,6.05,0.2,0.95,14.99,0.49,22.63,33.64,1.0,3.27,0.51,11.47,9
198583,Santa Margherita Pinot Grigio 2015,Rosé,Assemblage/Blend,['Syrah'],"['Beef', 'Poultry', 'Cheese']",15.6,Light-bodied,Medium,NA,Chile,1565,Generic Region,13843,Generic Winery,6.22,1.55,0.78,14.6,0.54,43.45,266.89,0.99,2.95,0.38,10.28,7
198584,Chateau Margaux 2019,White,Assemblage/Blend,['Sauvignon Blanc'],"['Beef', 'Poultry', 'Cheese']",19.5,Full-bodied,Low,NA,Portugal,2180,Generic Region,12062,Generic Winery,5.98,0.12,0.42,6.48,0.18,2.0,62.27,1.0,3.73,1.33,14.48,4
198585,Whispering Angel 2023,Red,Assemblage/Blend,['Syrah'],"['Beef', 'Poultry', 'Cheese']",11.3,Very full-bodied,High,NA,New Zealand,1725,Generic Region,18154,Generic Winery,10.73,0.67,0.97,13.25,0.44,17.75,78.47,0.99,3.62,0.49,11.08,5
198586,Chateau d'Yquem 2018,Red,Assemblage/Blend,['Malbec'],"['Beef', 'Poultry', 'Cheese']",10.2,Very full-bodied,High,NA,Spain,1524,Generic Region,19914,Generic Winery,12.34,1.42,0.62,5.0,0.07,33.41,67.82,1.0,3.85,0.85,8.85,3
198587,Silver Oak Cabernet 2023,Red,Varietal/100%,['Sangiovese'],"['Beef', 'Poultry', 'Cheese']",7.0,Very full-bodied,Low,NA,Italy,2382,Generic Region,18901,Generic Winery,10.13,0.73,0.22,2.39,0.21,67.95,97.47,1.0,3.61,0.92,14.8,6
198588,Whispering Angel 2016,Sparkling,Varietal/100%,['Chardonnay'],"['Beef', 'Poultry', 'Cheese']",8.9,Very light-bodied,High,NA,USA,1001,Generic Region,14737,Generic Winery,8.93,0.15,0.35,10.05,0.41,38.7,132.72,1.0,3.47,0.44,10.59,3
198589,Chateau d'Yquem 2016,Dessert/Port,Assemblage/Blend,['Sémillon'],"['Beef', 'Poultry', 'Cheese']",14.0,Very light-bodied,Low,NA,Chile,1463,Generic Region,19986,Generic Winery,11.09,1.12,0.02,8.23,0.14,46.81,55.35,1.0,3.2,1.89,8.96,6
198590,Catena Zapata Malbec 2016,Red,Varietal/100%,['Tempranillo'],"['Beef', 'Poultry', 'Cheese']",18.4,Medium-bodied,High,NA,Germany,1623,Generic Region,19208,Generic Winery,10.2,0.49,1.0,14.98,0.34,63.67,59.4,0.99,3.61,1.74,13.99,8
198591,Concha y Toro Casillero del Diablo 2018,Red,Varietal/100%,['Cabernet Sauvignon'],"['Beef', 'Poultry', 'Cheese']",9.1,Full-bodied,Medium,NA,Italy,2135,Generic Region,12557,Generic Winery,15.28,1.56,0.28,5.15,0.3,32.84,287.43,0.99,2.72,1.14,9.25,9
198592,Dom Perignon 2015,Rosé,Assemblage/Blend,['Pinot Noir'],"['Beef', 'Poultry', 'Cheese']",13.6,Very full-bodied,High,NA,Chile,2799,Generic Region,13354,Generic Winery,9.21,0.63,0.65,10.57,0.52,17.34,147.27,1.0,3.7,0.37,14.96,8
198593,Santa Margherita Pinot Grigio 2019,Dessert/Port,Assemblage/Blend,['Furmint'],"['Beef', 'Poultry', 'Cheese']",16.7,Very full-bodied,Low,NA,USA,1301,Generic Region,10606,Generic Winery,15.56,1.38,0.29,6.34,0.51,23.5,53.97,1.0,3.92,1.48,11.99,4
198594,Meiomi Chardonnay 2016,White,Assemblage/Blend,['Chardonnay'],"['Beef', 'Poultry', 'Cheese']",18.0,Very light-bodied,High,NA,Chile,2199,Generic Region,17206,Generic Winery,7.52,1.31,0.81,13.52,0.55,37.31,147.93,1.0,3.54,1.49,13.57,6
198595,Vega Sicilia Unico 2016,Rosé,Assemblage/Blend,['Pinot Noir'],"['Beef', 'Poultry', 'Cheese']",14.5,Medium-bodied,Low,NA,Germany,1574,Generic Region,11148,Generic Winery,14.07,1.39,0.25,1.18,0.19,39.13,98.44,1.0,3.05,1.94,11.2,8
198596,Chateau d'Yquem 2017,Dessert/Port,Varietal/100%,['Touriga Nacional'],"['Beef', 'Poultry', 'Cheese']",19.6,Light-bodied,Medium,NA,Italy,1656,Generic Region,18311,Generic Winery,7.25,0.76,0.08,0.98,0.58,60.35,202.96,1.0,2.93,0.57,9.75,8
198597,Miraval Rosé 2019,Red,Varietal/100%,['Malbec'],"['Beef', 'Poultry', 'Cheese']",16.6,Very full-bodied,Medium,NA,Argentina,2986,Generic Region,13147,Generic Winery,10.79,0.34,0.12,5.69,0.06,7.69,94.13,1.0,2.93,0.33,13.34,7
198598,Silver Oak Cabernet 2019,Sparkling,Varietal/100%,['Pinot Noir'],"['Beef', 'Poultry', 'Cheese']",15.0,Very full-bodied,Medium,NA,Spain,2246,Generic Region,16905,Generic Winery,15.2,0.85,0.54,10.79,0.37,68.02,273.22,1.0,3.53,1.66,12.74,5
198599,Silver Oak Cabernet 2015,Sparkling,Varietal/100%,['Pinot Meunier'],"['Beef', 'Poultry', 'Cheese']",17.7,Full-bodied,High,NA,USA,2440,Generic Region,13913,Generic Winery,6.48,0.51,0.21,6.22,0.03,44.9,101.24,1.0,3.2,1.46,10.38,5
198600,Whispering Angel 2018,Red,Assemblage/Blend,['Malbec'],"['Beef', 'Poultry', 'Cheese']",11.5,Medium-bodied,Low,NA,New Zealand,2443,Generic Region,10728,Generic Winery,13.64,0.52,0.18,11.78,0.49,71.33,122.77,1.0,3.71,0.88,14.52,7
198601,Dom Perignon 2021,Sparkling,Varietal/100%,['Pinot Meunier'],"['Beef', 'Poultry', 'Cheese']",16.8,Very light-bodied,Medium,NA,USA,2904,Generic Region,18787,Generic Winery,13.92,0.58,0.9,6.4,0.02,65.28,31.83,0.99,3.94,1.92,12.01,9
198602,Tignanello 2017,Dessert/Port,Assemblage/Blend,['Touriga Nacional'],"['Beef', 'Poultry', 'Cheese']",14.2,Very full-bodied,Low,NA,Argentina,2167,Generic Region,11062,Generic Winery,5.09,0.84,0.06,8.79,0.27,64.03,105.31,0.99,2.89,1.59,12.33,7
198603,Miraval Rosé 2023,Dessert/Port,Assemblage/Blend,['Furmint'],"['Beef', 'Poultry', 'Cheese']",16.2,Very full-bodied,Low,NA,Australia,2445,Generic Region,19580,Generic Winery,8.45,1.32,0.95,15.29,0.45,27.71,29.63,1.0,3.43,1.02,14.34,9
198604,Barefoot Moscato 2016,Rosé,Assemblage/Blend,['Syrah'],"['Beef', 'Poultry', 'Cheese']",7.7,Full-bodied,Low,NA,Portugal,2958,Generic Region,13072,Generic Winery,12.17,0.46,0.4,7.72,0.06,38.51,129.48,1.0,3.97,1.25,10.26,8
198605,Yellow Tail Shiraz 2019,Dessert/Port,Assemblage/Blend,['Furmint'],"['Beef', 'Poultry', 'Cheese']",16.0,Very light-bodied,Medium,NA,Portugal,2328,Generic Region,15645,Generic Winery,7.53,1.59,0.7,6.32,0.44,65.98,277.31,0.99,3.21,0.48,10.35,4
198606,Sassicaia 2022,Sparkling,Assemblage/Blend,['Pinot Noir'],"['Beef', 'Poultry', 'Cheese']",10.5,Very full-bodied,Low,NA,Spain,2727,Generic Region,16042,Generic Winery,12.38,0.9,0.31,12.73,0.41,12.55,263.79,1.0,3.93,1.53,12.29,4
198607,Concha y Toro Casillero del Diablo 2016,White,Varietal/100%,['Chenin Blanc'],"['Beef', 'Poultry', 'Cheese']",9.1,Very light-bodied,Medium,NA,USA,1145,Generic Region,18415,Generic Winery,15.82,0.67,0.75,6.46,0.5,41.4,23.97,0.99,2.87,0.32,8.53,6
198608,Tignanello 2019,Red,Assemblage/Blend,['Pinot Noir'],"['Beef', 'Poultry', 'Cheese']",14.2,Very full-bodied,Low,NA,Australia,1713,Generic Region,14178,Generic Winery,6.97,0.78,0.13,14.82,0.37,17.23,196.09,1.0,3.17,0.49,12.7,4
198609,Krug Grande Cuvee 2015,Rosé,Assemblage/Blend,['Pinot Noir'],"['Beef', 'Poultry', 'Cheese']",14.3,Medium-bodied,Low,NA,USA,1623,Generic Region,12814,Generic Winery,4.35,1.23,0.62,11.09,0.14,10.68,10.12,0.99,3.47,0.97,11.06,9
198610,Chateau d'Yquem 2023,White,Assemblage/Blend,['Chardonnay'],"['Beef', 'Poultry', 'Cheese']",17.2,Full-bodied,Medium,NA,Argentina,2129,Generic Region,17730,Generic Winery,12.37,1.29,0.46,13.15,0.46,5.7,18.98,1.0,3.15,0.66,12.06,5
198611,Chateau Margaux 2023,Rosé,Varietal/100%,['Mourvèdre'],"['Beef', 'Poultry', 'Cheese']",14.6,Medium-bodied,Medium,NA,New Zealand,1899,Generic Region,19911,Generic Winery,8.94,1.41,0.52,15.1,0.37,16.89,238.57,0.99,3.15,0.35,11.84,7
198612,Apothic Red 2016,Red,Varietal/100%,['Sangiovese'],"['Beef', 'Poultry', 'Cheese']",11.3,Medium-bodied,Low,NA,Germany,1248,Generic Region,16190,Generic Winery,11.53,0.22,0.87,14.32,0.05,20.66,234.15,1.0,2.94,0.66,10.59,8
198613,Vega Sicilia Unico 2022,White,Assemblage/Blend,['Chenin Blanc'],"['Beef', 'Poultry', 'Cheese']",7.8,Medium-bodied,High,NA,Argentina,2026,Generic Region,11646,Generic Winery,14.13,1.22,0.03,13.52,0.22,29.2,35.68,1.0,2.94,1.26,13.88,8
198614,Apothic Red 2023,White,Varietal/100%,['Chenin Blanc'],"['Beef', 'Poultry', 'Cheese']",14.7,Full-bodied,Medium,NA,Italy,1232,Generic Region,19361,Generic Winery,5.04,0.91,0.59,11.71,0.26,10.06,86.31,1.0,3.54,1.27,10.49,7
198615,Catena Zapata Malbec 2015,Dessert/Port,Varietal/100%,['Sémillon'],"['Beef', 'Poultry', 'Cheese']",9.9,Full-bodied,Medium,NA,New Zealand,1822,Generic Region,19352,Generic Winery,4.96,0.89,0.41,15.24,0.08,29.25,280.36,1.0,3.76,0.74,9.2,5
198616,Cloudy Bay Sauvignon Blanc 2022,Red,Assemblage/Blend,['Pinot Noir'],"['Beef', 'Poultry', 'Cheese']",17.9,Very full-bodied,Medium,NA,Germany,2141,Generic Region,18915,Generic Winery,10.09,0.46,0.11,9.7,0.18,42.27,49.68,1.0,3.39,0.39,10.36,4
198617,Vega Sicilia Unico 2016,Dessert/Port,Varietal/100%,['Sémillon'],"['Beef', 'Poultry', 'Cheese']",8.1,Very full-bodied,Low,NA,USA,1776,Generic Region,11994,Generic Winery,9.68,1.01,0.79,2.19,0.51,53.96,121.61,1.0,3.99,0.65,10.65,3
198618,Miraval Rosé 2023,Sparkling,Varietal/100%,['Pinot Noir'],"['Beef', 'Poultry', 'Cheese']",17.4,Medium-bodied,Low,NA,Australia,1004,Generic Region,12898,Generic Winery,11.98,0.88,0.36,13.67,0.24,58.98,130.28,1.0,3.3,0.81,13.23,9
198619,Catena Zapata Malbec 2015,Red,Varietal/100%,['Tempranillo'],"['Beef', 'Poultry', 'Cheese']",12.0,Very full-bodied,High,NA,Argentina,2970,Generic Region,18389,Generic Winery,15.28,1.04,0.33,2.68,0.48,45.03,156.97,1.0,3.73,0.56,10.18,7
198620,Vega Sicilia Unico 2015,Rosé,Assemblage/Blend,['Pinot Noir'],"['Beef', 'Poultry', 'Cheese']",14.4,Light-bodied,Low,NA,Germany,1864,Generic Region,16028,Generic Winery,5.33,1.37,0.13,6.52,0.48,11.64,70.88,1.0,3.64,1.39,12.86,6
198621,Yellow Tail Shiraz 2019,White,Assemblage/Blend,['Pinot Grigio'],"['Beef', 'Poultry', 'Cheese']",19.5,Light-bodied,Medium,NA,Germany,1140,Generic Region,17783,Generic Winery,10.07,1.02,0.02,13.59,0.56,41.12,203.15,1.0,3.62,0.56,12.03,4
198622,Antinori Solaia 2017,Red,Varietal/100%,['Sangiovese'],"['Beef', 'Poultry', 'Cheese']",19.1,Medium-bodied,High,NA,USA,1813,Generic Region,15732,Generic Winery,15.82,1.36,0.12,14.32,0.52,37.84,173.33,1.0,2.77,0.87,13.62,7
198623,Kim Crawford Pinot Noir 2017,White,Varietal/100%,['Riesling'],"['Beef', 'Poultry', 'Cheese']",14.0,Medium-bodied,Medium,NA,France,2926,Generic Region,18666,Generic Winery,12.85,0.78,0.22,7.34,0.09,13.52,147.04,1.0,3.89,0.92,12.06,8
198624,Krug Grande Cuvee 2019,White,Varietal/100%,['Chardonnay'],"['Beef', 'Poultry', 'Cheese']",19.5,Very light-bodied,Medium,NA,Chile,1475,Generic Region,15182,Generic Winery,15.96,0.85,0.6,1.6,0.45,15.9,260.15,0.99,2.95,0.36,11.3,5
198625,Silver Oak Cabernet 2017,White,Varietal/100%,['Sauvignon Blanc'],"['Beef', 'Poultry', 'Cheese']",13.8,Full-bodied,Low,NA,France,2245,Generic Region,15797,Generic Winery,13.18,0.25,0.33,1.73,0.45,20.33,259.97,1.0,3.74,1.96,13.88,9
198626,Miraval Rosé 2015,Dessert/Port,Varietal/100%,['Furmint'],"['Beef', 'Poultry', 'Cheese']",10.3,Medium-bodied,High,NA,New Zealand,2077,Generic Region,13310,Generic Winery,10.83,1.43,0.56,11.34,0.49,71.2,176.7,1.0,3.95,1.91,8.99,8
198627,Whispering Angel 2021,White,Varietal/100%,['Chenin Blanc'],"['Beef', 'Poultry', 'Cheese']",7.3,Very full-bodied,High,NA,Spain,2308,Generic Region,14177,Generic Winery,14.71,1.33,0.34,4.47,0.23,42.91,81.86,1.0,3.23,1.24,11.05,6
198628,Chateau d'Yquem 2020,Rosé,Assemblage/Blend,['Pinot Noir'],"['Beef', 'Poultry', 'Cheese']",8.5,Medium-bodied,Medium,NA,Argentina,1127,Generic Region,14831,Generic Winery,9.1,0.13,0.27,8.67,0.38,19.31,45.44,1.0,3.98,1.19,9.2,9
198629,Yellow Tail Shiraz 2020,Dessert/Port,Assemblage/Blend,['Touriga Nacional'],"['Beef', 'Poultry', 'Cheese']",17.6,Very light-bodied,Medium,NA,France,2040,Generic Region,15796,Generic Winery,11.82,1.34,0.21,0.76,0.09,64.9,253.31,1.0,3.48,1.43,9.23,7
198630,Gaja Barbaresco 2016,Red,Assemblage/Blend,['Sangiovese'],"['Beef', 'Poultry', 'Cheese']",16.6,Medium-bodied,Low,NA,Spain,2394,Generic Region,14124,Generic Winery,8.67,0.53,0.36,11.31,0.19,41.21,140.72,1.0,3.92,1.55,9.5,6
